Measurand,Depth,Optimized Sensitivity,Vanilla Sensitivity,Improvement,Epochs
abs,5,52.1199951171875,2.605295419692993,1900.5406958159583,42
abs,10,51.2768440246582,44.55732727050781,15.080610004626541,40
abs,15,52.05964660644531,2.2251391410827637,2239.6130895937067,41
abs,20,52.28173065185547,4.938808917999268,958.5898648825438,41
abs,25,52.43942642211914,20.979995727539062,149.9496525315558,41
